time,low,high,open,close,volume
2021-03-11,0.314,0.59,0.3871,0.4243,226442305.9
2021-03-12,0.3924,0.5376,0.4249,0.4149,399949092.9
2021-03-13,0.4097,0.4694,0.4146,0.4249,173058984.7
2021-03-14,0.3727,0.4385,0.4263,0.3812,118930211.9
2021-03-15,0.3781,0.43,0.3812,0.3909,115608670.0
2021-03-16,0.348,0.3963,0.3917,0.3746,107185915.8
2021-03-17,0.3709,0.427,0.3735,0.4003,137536451.0
2021-03-18,0.3845,0.4378,0.4015,0.3893,106105992.1
2021-03-19,0.3737,0.4246,0.3896,0.4094,78726423.8
2021-03-20,0.3825,0.4195,0.4094,0.3837,52078388.0
2021-03-21,0.3646,0.4006,0.3837,0.3809,64138294.8
2021-03-22,0.3221,0.3845,0.3801,0.3456,72887659.8
2021-03-23,0.3252,0.3664,0.3465,0.3303,78755753.7
2021-03-24,0.3053,0.3779,0.3306,0.321,107637907.1
2021-03-25,0.2973,0.3364,0.3212,0.3003,112249593.1
2021-03-26,0.291,0.343,0.3004,0.3368,87190766.4
2021-03-27,0.3311,0.3576,0.3368,0.332,62733530.4
2021-03-28,0.3275,0.3555,0.3318,0.3462,57975840.6
2021-03-29,0.3368,0.4283,0.3464,0.3841,147010319.5
2021-03-30,0.36,0.3884,0.3843,0.3709,68529507.3
2021-03-31,0.3378,0.3839,0.3711,0.3614,63082004.5
2021-04-01,0.3525,0.3781,0.3616,0.3632,50534783.4
2021-04-02,0.357,0.397,0.3632,0.3832,68223037.1
2021-04-03,0.351,0.3989,0.3832,0.3517,45760028.0
2021-04-04,0.3438,0.3726,0.3514,0.3613,26679454.8
2021-04-05,0.346,0.3708,0.3613,0.3702,50549936.2
2021-04-06,0.361,0.3896,0.3709,0.3743,54829149.5
2021-04-07,0.3107,0.3758,0.3743,0.3377,59612515.7
2021-04-08,0.3357,0.3611,0.3378,0.356,29716160.5
2021-04-09,0.35,0.3838,0.356,0.3671,44904012.2
2021-04-10,0.3479,0.3757,0.3671,0.3577,36117416.9
2021-04-11,0.3505,0.3699,0.3575,0.3687,23895781.4
2021-04-12,0.3502,0.3728,0.3692,0.3575,31331397.6
2021-04-13,0.3574,0.4248,0.3582,0.4227,125532650.6
2021-04-14,0.3701,0.45,0.4231,0.4142,122910466.5
2021-04-15,0.4015,0.4599,0.4148,0.4406,96537311.2
2021-04-16,0.4074,0.4686,0.4403,0.4359,80129149.8
2021-04-17,0.4003,0.4399,0.4358,0.4031,47900138.9
2021-04-18,0.32,0.4071,0.4031,0.3647,114585605.7
2021-04-19,0.3258,0.3873,0.3649,0.3272,61733406.2
2021-04-20,0.2973,0.3522,0.3272,0.3428,82525434.1
2021-04-21,0.3282,0.3828,0.3428,0.3572,91117012.9
2021-04-22,0.345,0.4215,0.3572,0.35,154400768.2
2021-04-23,0.295,0.3876,0.3504,0.3824,123567420.3
2021-04-24,0.3387,0.3913,0.3824,0.3552,65540674.6
2021-04-25,0.3458,0.4039,0.3554,0.3845,84608757.0
2021-04-26,0.3794,0.5789,0.3845,0.5374,324937352.6
2021-04-27,0.535,0.85,0.5374,0.832,324699158.3
2021-04-28,0.6743,0.8996,0.8318,0.778,475967417.9
2021-04-29,0.7427,0.9296,0.7776,0.8928,297274725.5
2021-04-30,0.7821,0.9457,0.8928,0.8223,254341292.1
2021-05-01,0.7711,0.8412,0.8223,0.7866,127672727.5
2021-05-02,0.7403,0.8279,0.7867,0.8226,96826737.6
2021-05-03,0.7767,0.8698,0.8233,0.7948,116390893.6
2021-05-04,0.6877,0.7992,0.7953,0.7051,149109748.0
2021-05-05,0.7007,0.8369,0.7051,0.8108,173195945.4
2021-05-06,0.7255,0.8148,0.811,0.7621,120861117.7
2021-05-07,0.7331,0.8086,0.762,0.751,104238559.8
2021-05-08,0.7325,0.8517,0.7511,0.8508,110565010.3
2021-05-09,0.7896,1.06,0.8515,0.9713,357307152.6
2021-05-10,0.7828,1.0064,0.9708,0.8769,179624751.2
2021-05-11,0.8009,1.0919,0.8761,1.0656,191024278.8
2021-05-12,1.0,1.2312,1.0654,1.0502,314287183.5
2021-05-13,0.93,1.1843,1.0539,1.0524,240830547.3
2021-05-14,1.0431,1.5186,1.0525,1.4772,269453078.7
2021-05-15,1.4739,1.8903,1.4786,1.5974,397985510.5
2021-05-16,1.46,1.8322,1.5961,1.7286,218431771.0
2021-05-17,1.4781,1.794,1.7274,1.7305,243518218.6
2021-05-18,1.708,2.825,1.7304,2.4418,467248070.8
2021-05-19,1.04,2.6433,2.4444,1.6231,722861880.2
2021-05-20,1.32,2.22,1.6248,1.8351,375775474.3
2021-05-21,1.197,1.9547,1.836,1.4863,313332949.7
2021-05-22,1.1301,1.6227,1.4862,1.1943,226837247.5
2021-05-23,0.7441,1.2615,1.193,1.0754,447319001.1
2021-05-24,1.0683,1.99,1.0753,1.7457,679554174.2
2021-05-25,1.513,1.95,1.7452,1.9381,432762206.4
2021-05-26,1.8315,2.4399,1.9382,2.2112,500107090.0
2021-05-27,1.8552,2.2657,2.2113,2.0386,305993077.0
2021-05-28,1.665,2.0611,2.0392,1.8182,376674457.8
2021-05-29,1.514,1.9118,1.818,1.698,274240464.8
2021-05-30,1.552,1.984,1.6977,1.8659,266589572.9
2021-05-31,1.7461,1.9364,1.8658,1.8689,197310325.2
2021-06-01,1.765,1.9895,1.869,1.8256,134574353.8
2021-06-02,1.75,1.89,1.8258,1.8,87008594.1
2021-06-03,1.7609,1.88,1.7992,1.8237,68525458.4
2021-06-04,1.5514,1.8249,1.8236,1.6315,171025132.6
2021-06-05,1.4517,1.6958,1.6321,1.5288,86882658.1
2021-06-06,1.5121,1.59,1.5293,1.5813,59928213.5
2021-06-07,1.46,1.7265,1.5813,1.4857,121452243.3
2021-06-08,1.266,1.5238,1.4841,1.4817,217966247.4
2021-06-09,1.3535,1.536,1.4817,1.4907,130978657.7
2021-06-10,1.3343,1.4973,1.4918,1.3628,68399801.3
2021-06-11,1.2295,1.384,1.3618,1.2508,81192435.6
2021-06-12,1.1594,1.3987,1.2508,1.3389,104139604.6
2021-06-13,1.3111,1.495,1.3383,1.4671,84709171.4
2021-06-14,1.4155,1.6011,1.4687,1.5492,88329820.4
2021-06-15,1.5333,1.71,1.5498,1.6292,99955985.2
2021-06-16,1.4467,1.6373,1.629,1.478,93016586.5
2021-06-17,1.45,1.5585,1.4775,1.502,62482307.2
2021-06-18,1.3043,1.5137,1.5024,1.38,82677008.0
2021-06-19,1.3483,1.435,1.3795,1.3579,45668181.8
2021-06-20,1.2821,1.4372,1.358,1.3977,52884313.7
2021-06-21,1.08,1.4096,1.3981,1.0987,128105228.6
2021-06-22,0.9246,1.24,1.0983,1.0769,287906644.6
2021-06-23,1.0289,1.2512,1.076,1.1756,126995006.8
2021-06-24,1.135,1.242,1.176,1.2023,75015313.4
2021-06-25,1.04,1.2342,1.2026,1.0402,84369628.5
2021-06-26,1.0061,1.1041,1.0404,1.0768,59751614.6
2021-06-27,1.0343,1.1151,1.0778,1.1151,55661713.6
2021-06-28,1.0865,1.1663,1.1145,1.1204,60518455.9
2021-06-29,1.1149,1.251,1.1209,1.1726,69977634.3
2021-06-30,1.079,1.1814,1.1707,1.1687,68059079.8
2021-07-01,1.0616,1.17,1.17,1.073,45161699.2
2021-07-02,1.0419,1.11,1.0732,1.1018,35616204.7
2021-07-03,1.08,1.146,1.1019,1.1181,24580211.9
2021-07-04,1.0955,1.18,1.1181,1.1477,32741514.3
2021-07-05,1.0825,1.1496,1.1475,1.0994,31484154.1
2021-07-06,1.0995,1.1645,1.1003,1.1306,41121499.8
2021-07-07,1.1255,1.1772,1.1305,1.1285,36417717.6
2021-07-08,1.0171,1.1326,1.1281,1.0409,44683204.9
2021-07-09,1.0024,1.0698,1.0416,1.0516,34005724.9
2021-07-10,1.0198,1.071,1.0529,1.0309,16442691.1
2021-07-11,1.0213,1.059,1.0308,1.0429,9951513.2
2021-07-12,0.9617,1.0498,1.0436,0.9948,35328204.2
2021-07-13,0.9366,0.9956,0.9948,0.9457,33200542.3
2021-07-14,0.8687,0.967,0.9458,0.9294,58412300.4
2021-07-15,0.8567,0.9457,0.9289,0.8792,43475770.6
2021-07-16,0.81,0.8979,0.8794,0.8112,48841919.5
2021-07-17,0.7832,0.8218,0.8115,0.8021,38402667.8
2021-07-18,0.7858,0.8601,0.8023,0.7938,33695683.2
2021-07-19,0.7286,0.8003,0.794,0.7337,45408560.6
2021-07-20,0.6221,0.7386,0.7337,0.6886,127303878.5
2021-07-21,0.6689,0.96,0.689,0.8897,180321987.2
2021-07-22,0.845,0.9324,0.8903,0.88,121874952.5
2021-07-23,0.8591,0.9574,0.8807,0.95,99638461.9
2021-07-24,0.9111,0.9888,0.9502,0.949,69413541.0
2021-07-25,0.8867,0.9652,0.9487,0.9405,55210713.2
2021-07-26,0.9307,1.1358,0.9401,1.0154,193964008.8
2021-07-27,0.9374,1.0641,1.0152,1.0404,123095890.3
2021-07-28,0.988,1.0592,1.0402,1.0185,61666519.1
2021-07-29,0.9908,1.0441,1.0183,1.0283,34012518.3
2021-07-30,0.9957,1.0717,1.0284,1.0681,52890399.9
2021-07-31,1.0252,1.1014,1.0663,1.0839,52651970.6
2021-08-01,1.0419,1.1362,1.0827,1.0502,61901551.9
2021-08-02,1.02,1.0799,1.0504,1.0451,43524967.4
2021-08-03,1.0046,1.0599,1.0455,1.0222,34516061.6
2021-08-04,1.0074,1.071,1.0228,1.0537,34317668.1
2021-08-05,1.0107,1.0759,1.0536,1.0655,45766301.9
2021-08-06,1.0354,1.0995,1.0655,1.0811,45096279.6
2021-08-07,1.0685,1.1963,1.0813,1.1665,84922478.0
2021-08-08,1.0694,1.1806,1.1673,1.0815,65542662.0
2021-08-09,1.0378,1.1587,1.0816,1.1274,65641691.0
2021-08-10,1.108,1.1793,1.1274,1.1569,60266595.7
2021-08-11,1.1532,1.427,1.1567,1.3717,145744367.8
2021-08-12,1.2578,1.4799,1.3713,1.3228,138713370.6
2021-08-13,1.3154,1.5163,1.3218,1.5114,110831479.4
2021-08-14,1.4,1.5144,1.5119,1.4442,50277114.5
2021-08-15,1.3707,1.4863,1.4433,1.4672,46342834.0
2021-08-16,1.4137,1.56,1.4672,1.4192,69933750.7
2021-08-17,1.335,1.5332,1.4192,1.349,87778920.8
2021-08-18,1.2736,1.41,1.3495,1.3327,69635610.1
2021-08-19,1.301,1.4718,1.335,1.4711,58311442.1
2021-08-20,1.4522,1.5692,1.4716,1.5506,73779622.1
2021-08-21,1.5137,1.7011,1.5501,1.5843,76749543.1
2021-08-22,1.5582,1.6693,1.5844,1.6247,43810409.6
2021-08-23,1.5901,1.688,1.6241,1.624,45338274.4
2021-08-24,1.4366,1.63,1.624,1.4755,58053572.4
2021-08-25,1.42,1.5542,1.4742,1.5275,41596937.7
2021-08-26,1.3633,1.5484,1.5275,1.372,54641454.4
2021-08-27,1.3507,1.5202,1.3721,1.5193,45585452.2
2021-08-28,1.4429,1.53,1.5201,1.4599,27671208.6
2021-08-29,1.3966,1.4853,1.46,1.4207,28931957.7
2021-08-30,1.3081,1.4234,1.4209,1.3196,50547257.3
2021-08-31,1.3022,1.4191,1.3201,1.3378,61550333.3
2021-09-01,1.312,1.4969,1.3379,1.4699,104811134.1
2021-09-02,1.4307,1.52,1.4695,1.4452,71184427.3
2021-09-03,1.4036,1.4986,1.4461,1.4573,57185556.8
2021-09-04,1.4459,1.745,1.4573,1.7397,139114565.1
2021-09-05,1.6333,1.7991,1.74,1.6806,110905192.3
2021-09-06,1.5666,1.7189,1.6805,1.6443,74554194.1
2021-09-07,1.1131,1.6981,1.6439,1.3654,193185525.4
2021-09-08,1.1836,1.41,1.368,1.3346,143883054.2
2021-09-09,1.2833,1.4555,1.3349,1.3686,136873282.5
2021-09-10,1.267,1.4666,1.3689,1.3037,122069037.3
2021-09-11,1.2771,1.3722,1.3034,1.3163,52780819.2
2021-09-12,1.2875,1.3731,1.3163,1.3274,45940489.2
2021-09-13,1.2,1.35,1.3277,1.248,72935780.4
2021-09-14,1.235,1.3477,1.2481,1.3196,53688468.1
2021-09-15,1.3169,1.42,1.3185,1.4168,58436869.4
2021-09-16,1.3478,1.5,1.417,1.3837,91360669.0
2021-09-17,1.302,1.4416,1.3831,1.4227,66445557.4
2021-09-18,1.3368,1.44,1.4231,1.3661,43381482.2
2021-09-19,1.3012,1.372,1.3661,1.3148,35269414.8
2021-09-20,1.0953,1.319,1.3149,1.1345,121335444.1
2021-09-21,1.0148,1.1877,1.1343,1.0474,115909217.8
2021-09-22,1.0291,1.2358,1.0475,1.231,88599139.7
2021-09-23,1.1775,1.246,1.231,1.2254,43633914.5
2021-09-24,1.0542,1.2311,1.2254,1.1273,61414593.5
2021-09-25,1.0841,1.145,1.1268,1.122,36621603.5
2021-09-26,1.0326,1.1682,1.122,1.1232,51958830.5
2021-09-27,1.0826,1.1696,1.1232,1.0849,38095157.3
2021-09-28,1.0459,1.112,1.0858,1.0503,37779381.0
2021-09-29,1.0444,1.1119,1.0499,1.0988,49659161.9
2021-09-30,1.0941,1.15,1.0991,1.127,42902140.2
2021-10-01,1.1262,1.2687,1.1267,1.2667,61712572.6
2021-10-02,1.2236,1.3565,1.2666,1.2926,47517816.8
2021-10-03,1.2752,1.3461,1.293,1.3282,50427103.0
2021-10-04,1.236,1.3281,1.3278,1.2755,54417278.7
2021-10-05,1.2655,1.3403,1.2755,1.3151,42961385.7
2021-10-06,1.2029,1.3184,1.3153,1.257,60228494.6
2021-10-07,1.2284,1.3107,1.2571,1.2767,55420630.7
2021-10-08,1.2715,1.4389,1.2765,1.3445,78352657.3
2021-10-09,1.3272,1.3839,1.3453,1.3524,61306672.4
2021-10-10,1.2354,1.3579,1.3521,1.2448,45776075.4
2021-10-11,1.2136,1.3084,1.2438,1.2424,49286450.6
2021-10-12,1.1522,1.2426,1.2426,1.223,63125748.4
2021-10-13,1.1887,1.2619,1.2229,1.2416,40576693.7
2021-10-14,1.2286,1.2898,1.2419,1.2651,37063353.3
2021-10-15,1.2343,1.6328,1.2652,1.6021,194704532.5
2021-10-16,1.4972,1.6145,1.6028,1.5073,51008285.7
2021-10-17,1.4105,1.5494,1.5073,1.4599,36279477.4
2021-10-18,1.4461,1.6191,1.46,1.4825,58414536.5
2021-10-19,1.4373,1.5277,1.4826,1.4784,34114507.5
2021-10-20,1.451,1.5507,1.4785,1.5365,41780937.2
2021-10-21,1.47,1.6319,1.5364,1.5063,64255661.5
2021-10-22,1.4902,1.5781,1.5051,1.5171,44418252.1
2021-10-23,1.4977,1.6753,1.5169,1.6409,56191501.7
2021-10-24,1.525,1.6448,1.6407,1.5717,41596689.6
2021-10-25,1.5627,1.6816,1.5719,1.6742,46208519.1
2021-10-26,1.6573,1.8575,1.6745,1.7344,92505220.2
2021-10-27,1.6055,1.9375,1.7347,1.7565,136013576.0
2021-10-28,1.7566,2.178,1.7568,2.135,150179014.1
2021-10-29,1.9184,2.22,2.1348,2.0254,105452523.4
2021-10-30,1.8278,2.0311,2.0256,1.8749,50180022.7
2021-10-31,1.795,2.0326,1.8748,1.9408,69642648.9
2021-11-01,1.84,1.9731,1.9407,1.903,43357594.3
2021-11-02,1.865,1.9723,1.903,1.9408,46028593.3
2021-11-03,1.9396,2.194,1.9412,2.0399,97153523.0
2021-11-04,1.8597,2.0414,2.0399,1.9165,63151189.8
2021-11-05,1.868,1.9507,1.9161,1.8963,27469920.0
2021-11-06,1.8121,1.9283,1.8965,1.8848,25805526.5
2021-11-07,1.8529,1.9162,1.8859,1.8864,18097972.9
2021-11-08,1.865,1.9438,1.8875,1.8947,39432888.9
2021-11-09,1.762,1.8971,1.8947,1.7778,43906942.0
2021-11-10,1.54,1.8945,1.7779,1.7029,73836106.0
2021-11-11,1.666,1.7904,1.7025,1.7552,37457344.6
2021-11-12,1.6354,1.7764,1.755,1.7163,34246459.1
2021-11-13,1.6982,1.7706,1.7163,1.7504,20052657.6
2021-11-14,1.687,1.7756,1.7504,1.7283,18989911.6
2021-11-15,1.6886,1.7672,1.7283,1.6927,23604540.9
2021-11-16,1.4687,1.6934,1.693,1.5616,76755389.4
2021-11-17,1.4893,1.6778,1.5622,1.6384,53532002.5
2021-11-18,1.4446,1.6805,1.6387,1.4981,57632423.5
2021-11-19,1.4808,1.6281,1.4975,1.6232,41928127.9
2021-11-20,1.5558,1.6805,1.624,1.6668,33344301.2
2021-11-21,1.5965,1.6697,1.6668,1.5988,20477856.0
2021-11-22,1.5269,1.6241,1.6,1.5593,36958069.3
2021-11-23,1.5433,1.7637,1.5592,1.751,49063045.5
2021-11-24,1.6506,1.83,1.7513,1.6861,61503111.8
2021-11-25,1.6712,1.937,1.6857,1.9271,72628946.1
2021-11-26,1.5904,1.968,1.9271,1.6401,80739436.2
2021-11-27,1.5881,1.7268,1.64,1.6136,37416991.5
2021-11-28,1.5,1.6664,1.6136,1.6545,41167911.4
2021-11-29,1.63,1.837,1.6526,1.8178,47137449.7
2021-11-30,1.6969,1.88,1.818,1.7867,64689069.1
2021-12-01,1.7742,2.0959,1.7867,2.0069,110605480.3
2021-12-02,1.9511,2.203,2.0077,2.1232,141528567.6
2021-12-03,2.06,2.4,2.1224,2.2709,198454132.6
2021-12-04,1.6203,2.3177,2.2696,1.9771,185169964.3
2021-12-05,1.8838,2.2029,1.9783,2.0548,140131911.4
2021-12-06,1.7132,2.3287,2.0548,2.2781,194956373.6
2021-12-07,2.2362,2.52,2.2783,2.3469,192207057.7
2021-12-08,2.2222,2.58,2.3474,2.4219,139133048.7
2021-12-09,2.0601,2.4414,2.4219,2.0867,181531845.0
2021-12-10,2.0434,2.2914,2.086,2.0916,116327145.3
2021-12-11,2.01,2.17,2.0916,2.14,76407945.0
2021-12-12,2.0285,2.1426,2.14,2.0856,53085221.7
2021-12-13,1.7515,2.0948,2.0851,1.8181,115492756.8
2021-12-14,1.7373,1.9479,1.8181,1.9431,79681222.4
2021-12-15,1.8291,2.247,1.9425,2.1294,139375038.7
2021-12-16,2.0616,2.2092,2.1312,2.0691,66200084.1
2021-12-17,1.9361,2.1621,2.0696,2.1288,66937092.1
2021-12-18,2.055,2.26,2.1287,2.2347,61665152.1
2021-12-19,2.1623,2.2957,2.2353,2.2227,45924617.5
2021-12-20,2.0463,2.2499,2.2219,2.1309,58589111.0
2021-12-21,2.1079,2.4099,2.1309,2.3749,69318867.4
2021-12-22,2.37,2.653,2.3749,2.5,109021877.2
2021-12-23,2.4637,2.7344,2.5008,2.6858,93762518.3
2021-12-24,2.421,2.6867,2.6859,2.4687,70014392.2
2021-12-25,2.426,2.69,2.4689,2.6409,43461821.4
2021-12-26,2.6111,2.89,2.6401,2.8793,69805011.0
2021-12-27,2.7131,2.9249,2.8805,2.7267,54411050.3
2021-12-28,2.441,2.7308,2.7263,2.4927,111784463.9
2021-12-29,2.4028,2.6214,2.4932,2.4767,71708176.9
2021-12-30,2.41,2.5978,2.4751,2.5539,47671330.8
2021-12-31,2.44,2.6726,2.5545,2.5242,48600773.3
2022-01-01,2.4994,2.6048,2.5251,2.5724,24485028.2
2022-01-02,2.504,2.586,2.573,2.5506,19829996.3
2022-01-03,2.36,2.5527,2.5506,2.4322,30634607.6
2022-01-04,2.3529,2.508,2.4333,2.365,44075111.0
2022-01-05,2.021,2.4524,2.3658,2.1831,72708500.7
2022-01-06,2.0666,2.2919,2.1829,2.2508,73372020.0
2022-01-07,2.0431,2.2649,2.2507,2.0531,75214827.9
2022-01-08,1.8951,2.1431,2.0535,1.9847,66087479.7
2022-01-09,1.9632,2.1697,1.9852,2.1155,39563287.2
2022-01-10,1.9207,2.1476,2.1153,2.0718,66700909.7
2022-01-11,2.0466,2.3731,2.0713,2.3614,73922390.2
2022-01-12,2.3001,2.4516,2.3609,2.3982,62137885.6
2022-01-13,2.241,2.4404,2.3977,2.2649,44582585.2
2022-01-14,2.1838,2.3524,2.2643,2.3364,40218607.0
2022-01-15,2.2947,2.4,2.3365,2.3463,27474483.7
2022-01-16,2.2845,2.3737,2.3466,2.3335,20754317.1
2022-01-17,2.165,2.455,2.3336,2.2196,58491547.5
2022-01-18,2.0779,2.2462,2.2195,2.1207,50733491.6
2022-01-19,2.0144,2.1435,2.1196,2.0297,47749353.0
2022-01-20,1.9517,2.1935,2.0295,1.9593,53768644.8
2022-01-21,1.6368,2.0265,1.9588,1.6989,145469363.2
2022-01-22,1.3935,1.7573,1.699,1.5375,144803928.5
2022-01-23,1.5103,1.67,1.5381,1.6174,76572393.3
2022-01-24,1.3073,1.6179,1.617,1.5077,118522062.0
2022-01-25,1.4106,1.6133,1.5077,1.5581,82034100.4
2022-01-26,1.5241,1.8361,1.5596,1.5911,120409502.9
2022-01-27,1.4965,1.6691,1.5906,1.589,88782697.1
2022-01-28,1.563,1.7039,1.59,1.674,92643228.1
2022-01-29,1.6507,1.742,1.6732,1.6969,38019034.7
2022-01-30,1.5755,1.71,1.6974,1.6043,45015358.7
2022-01-31,1.5247,1.6535,1.6041,1.6429,50348878.6
2022-02-01,1.6108,1.6813,1.643,1.6495,61252318.7
2022-02-02,1.5216,1.6647,1.6493,1.5391,41853128.0
2022-02-03,1.4763,1.562,1.5399,1.5562,41979055.0
2022-02-04,1.5365,1.6971,1.5558,1.6971,43632286.7
2022-02-05,1.6737,1.7573,1.6966,1.7123,43575470.9
2022-02-06,1.6676,1.7568,1.7124,1.7397,26048916.0
2022-02-07,1.699,2.0977,1.7405,2.0193,101070420.9
2022-02-08,1.8604,2.0499,2.0193,1.9438,58554884.6
2022-02-09,1.8906,2.0617,1.9443,2.0387,44087847.1
2022-02-10,1.8696,2.044,2.0382,1.8975,65446577.3
2022-02-11,1.6757,1.9026,1.8962,1.7162,85494604.8
2022-02-12,1.643,1.7664,1.7159,1.7016,34492195.4
2022-02-13,1.6435,1.7245,1.7027,1.6599,22922237.2
2022-02-14,1.5967,1.6793,1.6598,1.6568,47335743.1
2022-02-15,1.6526,1.88,1.6576,1.8741,42522711.4
2022-02-16,1.7494,1.8802,1.8733,1.8375,40631664.3
2022-02-17,1.6466,1.8662,1.8369,1.6623,42960997.8
2022-02-18,1.5808,1.7142,1.6626,1.5933,37886797.8
2022-02-19,1.5591,1.6438,1.5928,1.6335,19324501.0
2022-02-20,1.4928,1.6353,1.6328,1.5127,31389518.1
2022-02-21,1.4002,1.6162,1.5118,1.4053,58098826.2
2022-02-22,1.3482,1.4768,1.4053,1.4629,55261411.2
2022-02-23,1.4327,1.5974,1.4628,1.4369,55417291.8
2022-02-24,1.246,1.515,1.4373,1.4414,114777467.5
2022-02-25,1.403,1.5762,1.4414,1.5525,49611554.6
2022-02-26,1.5033,1.5953,1.5525,1.5161,24819500.9
2022-02-27,1.4243,1.5471,1.5176,1.453,32264709.6
2022-02-28,1.4218,1.6185,1.4523,1.614,45174744.7
2022-03-01,1.5553,1.6654,1.6143,1.6243,51292316.6
2022-03-02,1.5828,1.6994,1.624,1.6367,43931868.2
2022-03-03,1.5416,1.6521,1.6372,1.5856,32315601.7
2022-03-04,1.4525,1.5878,1.5854,1.4778,30460958.2
2022-03-05,1.448,1.5158,1.478,1.5092,14342618.2
2022-03-06,1.4307,1.5192,1.5083,1.4346,14673808.8
2022-03-07,1.37,1.4968,1.4352,1.4105,38076104.4
2022-03-08,1.403,1.4764,1.4105,1.4468,26718620.8
2022-03-09,1.4441,1.5454,1.4467,1.5061,30487542.3
2022-03-10,1.4011,1.5117,1.5066,1.437,25333181.2
2022-03-11,1.4037,1.4738,1.4366,1.405,25702622.1
2022-03-12,1.3936,1.4346,1.4049,1.3974,12452183.5
2022-03-13,1.3526,1.4205,1.3971,1.3608,13715985.6
2022-03-14,1.3302,1.3939,1.3606,1.379,20886888.2
2022-03-15,1.3311,1.41,1.3786,1.3788,17606465.0
2022-03-16,1.3553,1.4711,1.3788,1.4683,25386673.3
2022-03-17,1.4381,1.4996,1.4684,1.4472,17975226.9
2022-03-18,1.4179,1.5115,1.4473,1.4984,18761947.8
2022-03-19,1.4985,1.5425,1.4985,1.5302,18697425.0
2022-03-20,1.4592,1.5374,1.5307,1.4658,12822568.9
2022-03-21,1.4426,1.4994,1.466,1.4646,15225389.8
2022-03-22,1.4581,1.5345,1.4646,1.5072,17591207.5
2022-03-23,1.4933,1.56,1.5068,1.5562,17804729.6
2022-03-24,1.5451,1.6393,1.5567,1.6307,26034771.7
2022-03-25,1.5644,1.664,1.6309,1.5783,24246492.2
2022-03-26,1.5682,1.6163,1.5785,1.6121,9426163.3
2022-03-27,1.6023,1.6973,1.6121,1.6949,14935711.0
2022-03-28,1.6518,1.7466,1.6955,1.6575,27927818.9
2022-03-29,1.6359,1.7374,1.6574,1.676,22997335.8
2022-03-30,1.6242,1.7266,1.6755,1.6827,21821891.0
2022-03-31,1.6079,1.7498,1.6829,1.6189,30000131.1
2022-04-01,1.5604,1.7128,1.6188,1.6961,22121109.7
2022-04-02,1.6459,1.729,1.6955,1.6527,16946261.5
2022-04-03,1.6333,1.7141,1.6526,1.688,15381653.5
2022-04-04,1.6068,1.6895,1.6876,1.6478,16778985.3
2022-04-05,1.5873,1.6763,1.6478,1.5921,14395358.9
2022-04-06,1.4534,1.5934,1.5929,1.4574,31171601.7
2022-04-07,1.4377,1.5201,1.4573,1.5114,20097034.1
2022-04-08,1.4234,1.5273,1.5116,1.4345,17986398.0
2022-04-09,1.4266,1.4678,1.4345,1.4629,8591762.2
2022-04-10,1.42,1.4901,1.4632,1.4264,9051931.3
2022-04-11,1.3131,1.4395,1.4262,1.3354,26714404.4
2022-04-12,1.3265,1.4765,1.3348,1.3938,33197652.6
2022-04-13,1.3658,1.4388,1.3935,1.4198,19116763.7
2022-04-14,1.3524,1.4442,1.4198,1.3739,14481354.7
2022-04-15,1.3666,1.3989,1.374,1.3974,7987032.1
2022-04-16,1.3652,1.4035,1.3975,1.3892,5499057.5
2022-04-17,1.3323,1.3909,1.3886,1.3371,7840464.9
2022-04-18,1.2933,1.4265,1.3371,1.4187,23912581.9
2022-04-19,1.3938,1.45,1.4189,1.4278,15624898.2
2022-04-20,1.3956,1.4662,1.4279,1.4176,15466629.9
2022-04-21,1.3596,1.468,1.4176,1.3781,16962146.5
2022-04-22,1.372,1.5053,1.3776,1.3978,36725423.2
2022-04-23,1.3444,1.4125,1.3978,1.3633,10120159.7
2022-04-24,1.3324,1.3747,1.3633,1.344,8228432.6
2022-04-25,1.2634,1.3555,1.3439,1.352,24748632.7
2022-04-26,1.2237,1.3618,1.3525,1.2447,17838568.7
2022-04-27,1.2346,1.2926,1.2446,1.2574,12677646.2
2022-04-28,1.2267,1.2797,1.2571,1.2373,13896495.7
2022-04-29,1.1275,1.2461,1.2378,1.1403,26136664.2
2022-04-30,1.0118,1.1658,1.1407,1.0327,28870070.4
2022-05-01,1.0146,1.1231,1.0327,1.0991,27376944.5
2022-05-02,1.0366,1.1208,1.0991,1.0761,28973590.1
2022-05-03,1.0532,1.1164,1.0768,1.076,18261136.9
2022-05-04,1.0694,1.1745,1.076,1.1718,24523996.8
2022-05-05,1.0295,1.1869,1.1724,1.0644,28418795.5
2022-05-06,1.011,1.0765,1.0644,1.0418,28710668.1
2022-05-07,0.9922,1.0664,1.0417,1.019,26809913.5
2022-05-08,0.9603,1.0296,1.0188,0.9754,31298807.6
2022-05-09,0.7868,0.991,0.9758,0.8106,70946669.8
2022-05-10,0.7904,0.9895,0.8101,0.889,88991474.0
2022-05-11,0.6016,0.9118,0.8891,0.6729,119851460.7
2022-05-12,0.4769,0.7155,0.6723,0.5994,116327160.6
2022-05-13,0.5887,0.755,0.5997,0.6654,75208352.9
2022-05-14,0.6143,0.711,0.6658,0.6844,35299651.6
2022-05-15,0.6552,0.7426,0.6844,0.7418,33364191.3
2022-05-16,0.6573,0.7416,0.7414,0.6768,38305058.2
2022-05-17,0.6735,0.7349,0.6772,0.726,33595843.2
2022-05-18,0.623,0.7372,0.7256,0.6258,36403820.6
2022-05-19,0.6082,0.6724,0.6255,0.6575,32369488.1
2022-05-20,0.6159,0.6785,0.6576,0.6333,28168186.8
2022-05-21,0.62,0.6597,0.6333,0.6482,21710980.9
2022-05-22,0.6397,0.6816,0.6485,0.6755,18599578.2
2022-05-23,0.6348,0.6998,0.675,0.641,29240437.0
2022-05-24,0.61,0.6677,0.6411,0.6624,40606796.7
2022-05-25,0.6272,0.6731,0.6624,0.6448,28970482.9
2022-05-26,0.5766,0.6591,0.6449,0.5984,46976266.2
2022-05-27,0.5639,0.6106,0.598,0.5743,44374327.5
2022-05-28,0.5681,0.5961,0.5739,0.5871,18710707.7
2022-05-29,0.5739,0.601,0.5875,0.599,16087904.9
2022-05-30,0.5944,0.6606,0.5991,0.6572,28168427.4
2022-05-31,0.6426,0.6835,0.6572,0.6618,39345448.3
2022-06-01,0.585,0.6707,0.662,0.5994,39284552.0
2022-06-02,0.59,0.6218,0.5997,0.6185,23843122.5
2022-06-03,0.5757,0.6203,0.619,0.5886,28462539.6
2022-06-04,0.5748,0.6,0.5886,0.5954,12070529.0
2022-06-05,0.5837,0.6061,0.5955,0.5974,16796398.9
2022-06-06,0.5953,0.6556,0.5973,0.6324,36183864.5
2022-06-07,0.5746,0.633,0.6324,0.6167,38453331.7
2022-06-08,0.6011,0.6326,0.6172,0.6063,20908906.3
2022-06-09,0.6017,0.6521,0.6064,0.6332,23864995.9
2022-06-10,0.5894,0.6624,0.6331,0.5939,49794630.4
2022-06-11,0.5306,0.6062,0.5938,0.5397,37272625.1
2022-06-12,0.4953,0.5463,0.5402,0.4964,46291455.7
2022-06-13,0.4037,0.5035,0.4962,0.4296,144163182.2
2022-06-14,0.3951,0.4523,0.43,0.4149,78143364.1
2022-06-15,0.3628,0.4398,0.4149,0.4395,114493037.6
2022-06-16,0.3751,0.445,0.4393,0.3826,58713387.8
2022-06-17,0.3778,0.4076,0.3828,0.3994,46389124.0
2022-06-18,0.3162,0.4068,0.3994,0.3453,72167955.4
2022-06-19,0.3262,0.3847,0.3452,0.3837,55934209.1
2022-06-20,0.3584,0.411,0.3837,0.4007,60137266.0
2022-06-21,0.392,0.4544,0.4005,0.4197,64445218.7
2022-06-22,0.3942,0.4712,0.4197,0.4554,80260934.5
2022-06-23,0.4552,0.5737,0.4555,0.5623,133768643.6
2022-06-24,0.5617,0.6274,0.5624,0.6067,100467956.9
2022-06-25,0.566,0.6263,0.6067,0.6007,41669654.0
2022-06-26,0.556,0.6268,0.6009,0.5584,39087674.4
2022-06-27,0.5197,0.5966,0.5581,0.5321,55116517.7
2022-06-28,0.5033,0.5744,0.5318,0.5099,66037258.7
2022-06-29,0.4845,0.5457,0.5102,0.4968,75005412.0
2022-06-30,0.4173,0.4971,0.4969,0.4815,96251692.3
2022-07-01,0.449,0.4976,0.4816,0.4611,73934878.6
2022-07-02,0.448,0.4955,0.4616,0.4922,25031285.3
2022-07-03,0.4482,0.4942,0.4926,0.4616,31691657.8
2022-07-04,0.4508,0.495,0.4616,0.4913,31842911.0
2022-07-05,0.4854,0.5354,0.4913,0.5124,77577573.5
2022-07-06,0.4918,0.5303,0.5123,0.5253,54699234.8
2022-07-07,0.511,0.5741,0.5253,0.5626,53077324.7
2022-07-08,0.555,0.6196,0.563,0.6054,72847614.7
2022-07-09,0.582,0.6114,0.6056,0.5896,23599947.5
2022-07-10,0.5521,0.5901,0.5898,0.5713,28938116.4
2022-07-11,0.5363,0.5978,0.5713,0.5628,60546459.9
2022-07-12,0.5337,0.5928,0.5624,0.5356,56219056.2
2022-07-13,0.5193,0.6477,0.5358,0.6388,95734092.9
2022-07-14,0.613,0.7183,0.6385,0.709,117686996.1
2022-07-15,0.6743,0.7353,0.7091,0.7034,90559927.4
2022-07-16,0.6821,0.744,0.703,0.7292,50922798.0
2022-07-17,0.7184,0.7902,0.729,0.7528,81557066.8
2022-07-18,0.7451,0.9846,0.7525,0.9584,177190234.5
2022-07-19,0.8833,0.9795,0.9582,0.9257,121382876.7
2022-07-20,0.8113,0.9528,0.9254,0.832,129504651.3
2022-07-21,0.7966,0.9291,0.8319,0.9057,95112252.7
2022-07-22,0.8443,0.9348,0.9054,0.851,68139855.8
2022-07-23,0.8137,0.8883,0.8511,0.8714,49582263.5
2022-07-24,0.8451,0.9092,0.8713,0.8794,46887493.2
2022-07-25,0.7681,0.885,0.8794,0.7697,71342404.0
2022-07-26,0.7222,0.7854,0.77,0.784,69231049.7
2022-07-27,0.762,0.8992,0.784,0.8975,93798937.1
2022-07-28,0.8467,0.9779,0.8969,0.934,121950166.8
2022-07-29,0.905,0.9937,0.9345,0.939,92556880.6
2022-07-30,0.9142,0.984,0.9388,0.9312,51282734.0
2022-07-31,0.9105,1.0166,0.9316,0.9288,62579263.2
2022-08-01,0.878,0.9471,0.9286,0.8919,64693032.1
2022-08-02,0.8488,0.907,0.8922,0.877,42804357.4
2022-08-03,0.8566,0.9263,0.8773,0.8886,34423364.1
2022-08-04,0.8755,0.9131,0.8886,0.8918,25180236.7
2022-08-05,0.889,0.9382,0.8918,0.9276,30545321.8
2022-08-06,0.9028,0.9411,0.9276,0.9078,29770344.1
2022-08-07,0.8926,0.9254,0.908,0.9072,19462683.5
2022-08-08,0.9047,0.9519,0.9072,0.922,25962116.1
2022-08-09,0.8694,0.9314,0.9222,0.8915,28019752.7
2022-08-10,0.8706,0.9419,0.8912,0.9383,34519467.9
2022-08-11,0.916,0.9568,0.9386,0.9215,25134393.9
2022-08-12,0.9062,0.9358,0.9215,0.9354,20693585.7
2022-08-13,0.9298,1.0337,0.9354,1.026,58303951.5
2022-08-14,0.9856,1.055,1.026,1.0013,32998790.6
2022-08-15,0.9311,1.035,1.001,0.9517,48065440.3
2022-08-16,0.9241,0.968,0.9511,0.9345,23531363.9
2022-08-17,0.8769,0.9643,0.9344,0.8847,38539657.5
2022-08-18,0.8551,0.9094,0.8849,0.8571,21279823.0
2022-08-19,0.7636,0.8576,0.8572,0.7694,68137698.6
2022-08-20,0.7584,0.8168,0.7694,0.7861,54828775.5
2022-08-21,0.7786,0.8307,0.7861,0.8207,32870108.7
2022-08-22,0.7685,0.823,0.8207,0.8097,24708442.1
2022-08-23,0.7912,0.8371,0.8101,0.832,27758836.9
2022-08-24,0.8019,0.8406,0.832,0.8135,25232711.6
2022-08-25,0.8052,0.8321,0.8135,0.819,22782683.0
2022-08-26,0.7562,0.8484,0.8193,0.7667,58825306.5
2022-08-27,0.757,0.8147,0.7666,0.806,34756485.9
2022-08-28,0.7777,0.8337,0.8062,0.7827,30160499.1
2022-08-29,0.7621,0.8216,0.7826,0.817,34846024.6
2022-08-30,0.7829,0.844,0.8168,0.8157,34107791.5
2022-08-31,0.816,0.8588,0.816,0.8326,30208771.2
2022-09-01,0.8223,0.8957,0.8327,0.8847,42978723.9
2022-09-02,0.8629,0.9135,0.8849,0.8721,40315425.1
2022-09-03,0.8665,0.8904,0.8721,0.8893,20362117.3
2022-09-04,0.8724,0.8986,0.8893,0.8952,17516450.4
2022-09-05,0.8622,0.9028,0.895,0.8829,20145284.3
2022-09-06,0.812,0.9235,0.8829,0.8162,47207586.7
2022-09-07,0.7914,0.8515,0.8159,0.8403,31559139.5
2022-09-08,0.8154,0.8499,0.8405,0.8456,31938651.0
2022-09-09,0.8428,0.9007,0.8457,0.8901,27782378.4
2022-09-10,0.8785,0.9123,0.8901,0.906,21829545.6
2022-09-11,0.8761,0.9178,0.9058,0.8937,13431938.0
2022-09-12,0.8719,0.94,0.8938,0.9309,43196734.9
2022-09-13,0.8396,0.9439,0.9313,0.846,56233730.7
2022-09-14,0.8302,0.8684,0.8463,0.8644,31022801.3
2022-09-15,0.8171,0.876,0.864,0.8247,31814932.4
2022-09-16,0.7867,0.8309,0.8248,0.8067,27075375.0
2022-09-17,0.805,0.8312,0.8066,0.8286,8843702.9
2022-09-18,0.75,0.8363,0.8286,0.7533,19718623.5
2022-09-19,0.725,0.7759,0.7533,0.7657,27748083.2
2022-09-20,0.73,0.7695,0.7656,0.7335,30723571.6
2022-09-21,0.6901,0.7784,0.7336,0.7006,47786435.9
2022-09-22,0.7001,0.7627,0.7005,0.7519,30936521.1
2022-09-23,0.7227,0.7851,0.7522,0.7783,36232202.9
2022-09-24,0.7498,0.7822,0.7785,0.753,20125966.4
2022-09-25,0.731,0.7671,0.7527,0.7397,17744065.2
2022-09-26,0.7262,0.762,0.7396,0.7559,32675122.2
2022-09-27,0.7262,0.7937,0.7559,0.7389,40601976.9
2022-09-28,0.7121,0.7544,0.739,0.7474,24648760.2
2022-09-29,0.7314,0.7648,0.7473,0.763,18649124.7
2022-09-30,0.7609,0.7898,0.7634,0.7781,24130879.6
2022-10-01,0.7596,0.7814,0.7779,0.7669,7679406.8
2022-10-02,0.7612,0.7836,0.7669,0.7633,10120177.5
2022-10-03,0.7548,0.808,0.7633,0.8005,28333410.9
2022-10-04,0.8001,0.8437,0.8002,0.8357,41849246.5
2022-10-05,0.8208,0.8611,0.8356,0.8517,28325771.6
2022-10-06,0.8304,0.8598,0.8515,0.8338,31222620.8
2022-10-07,0.8184,0.8484,0.8338,0.8315,19729229.3
2022-10-08,0.8081,0.8348,0.8314,0.8148,8105691.1
2022-10-09,0.8079,0.8304,0.8147,0.8257,7109902.7
2022-10-10,0.8117,0.8431,0.8257,0.8137,22507562.6
2022-10-11,0.7844,0.8137,0.8137,0.7908,18000181.3
2022-10-12,0.7822,0.8019,0.7907,0.783,11477183.5
2022-10-13,0.7159,0.7876,0.7828,0.7756,48792508.7
2022-10-14,0.7755,0.8225,0.7755,0.793,23615975.4
2022-10-15,0.7859,0.8101,0.7931,0.7894,10877346.0
2022-10-16,0.788,0.81,0.7893,0.7987,8238069.0
2022-10-17,0.796,0.8505,0.7985,0.8484,24238810.7
2022-10-18,0.8355,0.88,0.8484,0.8642,38795563.2
2022-10-19,0.8397,0.8815,0.864,0.8445,31370172.9
2022-10-20,0.8054,0.8483,0.8444,0.8087,32854447.0
2022-10-21,0.7751,0.8339,0.8086,0.832,30579920.2
2022-10-22,0.8131,0.84,0.8321,0.8319,10812020.2
2022-10-23,0.8206,0.9043,0.8319,0.8987,18777966.1
2022-10-24,0.872,0.9088,0.8985,0.8931,37760791.7
2022-10-25,0.8746,0.9485,0.8931,0.9176,43310484.7
2022-10-26,0.9177,0.9678,0.9179,0.9384,34554391.3
2022-10-27,0.8938,0.9477,0.9405,0.9037,30664542.2
2022-10-28,0.8946,0.9475,0.9036,0.9445,27849732.9
2022-10-29,0.9263,0.9592,0.9444,0.934,26251269.7
2022-10-30,0.8989,0.95,0.934,0.9085,24654116.4
2022-10-31,0.893,0.93,0.9087,0.9029,23696544.1
2022-11-01,0.873,0.9096,0.9028,0.874,21563877.8
2022-11-02,0.8364,0.897,0.874,0.8735,53435758.3
2022-11-03,0.8684,0.9912,0.8736,0.9511,77211789.1
2022-11-04,0.9503,1.1984,0.9509,1.1692,115621165.7
2022-11-05,1.1526,1.3042,1.1694,1.1847,74108030.5
2022-11-06,1.1311,1.2152,1.185,1.135,50837298.9
2022-11-07,1.1288,1.2918,1.1345,1.2572,82450932.3
2022-11-08,0.9,1.275,1.2573,1.0447,154787851.7
2022-11-09,0.761,1.0717,1.0442,0.8152,158005227.9
2022-11-10,0.8004,1.1574,0.8152,1.1213,154965739.5
2022-11-11,0.9671,1.1565,1.1209,1.0624,104878297.1
2022-11-12,0.924,1.0653,1.0626,0.9379,71584140.8
2022-11-13,0.8641,0.9668,0.938,0.8883,60329732.0
2022-11-14,0.8308,0.9641,0.8886,0.9164,77098800.7
2022-11-15,0.9058,0.9726,0.917,0.9409,58748589.9
2022-11-16,0.878,0.9551,0.9409,0.897,48368306.9
2022-11-17,0.861,0.9115,0.8974,0.8732,46018567.6
2022-11-18,0.8669,0.8993,0.873,0.8783,31240474.9
2022-11-19,0.8487,0.8826,0.8783,0.8753,24949704.5
2022-11-20,0.7983,0.8806,0.8752,0.8058,41184594.7
2022-11-21,0.7633,0.8204,0.8058,0.7953,53919069.8
2022-11-22,0.7775,0.8659,0.7953,0.8502,66460644.7
2022-11-23,0.8354,0.8721,0.8504,0.8607,46994493.9
2022-11-24,0.8412,0.8905,0.8607,0.8482,36270103.7
2022-11-25,0.8188,0.8491,0.8483,0.8436,23960885.1
2022-11-26,0.8382,0.8712,0.8439,0.8459,21987508.9
2022-11-27,0.8402,0.8655,0.846,0.8435,22478308.9
2022-11-28,0.8036,0.8486,0.8433,0.8209,37928981.3
2022-11-29,0.8129,0.8497,0.8213,0.8382,22869382.6
2022-11-30,0.8369,0.9446,0.8383,0.933,69784755.8
2022-12-01,0.9057,0.9454,0.9331,0.9087,58028558.7
2022-12-02,0.8984,0.9493,0.9087,0.9489,47404296.5
2022-12-03,0.9156,0.95,0.9489,0.9181,17934239.7
